               epoch,      train/box_loss,      train/obj_loss,      train/cls_loss,   metrics/precision,      metrics/recall,     metrics/mAP_0.5,metrics/mAP_0.5:0.95,        val/box_loss,        val/obj_loss,        val/cls_loss,               x/lr0,               x/lr1,               x/lr2
                   0,            0.075289,            0.055563,            0.038897,             0.48876,             0.49363,             0.37628,             0.15543,            0.055572,            0.027026,             0.01471,           0.0033266,           0.0033266,             0.07006
                   1,            0.057528,            0.045849,            0.013675,             0.61501,             0.52593,             0.49909,             0.22006,            0.048295,             0.02597,           0.0083195,            0.006638,            0.006638,            0.040038
                   2,            0.053913,            0.046407,            0.011522,             0.63831,             0.51246,             0.50974,             0.23721,             0.04576,             0.02862,           0.0076773,           0.0099274,           0.0099274,           0.0099943
                   3,            0.051698,            0.048201,             0.01149,             0.69576,             0.52959,              0.5563,             0.27214,            0.043252,            0.027577,           0.0064213,            0.009901,            0.009901,            0.009901
                   4,            0.049264,            0.048057,            0.009629,             0.73593,             0.58955,             0.64373,             0.32757,            0.041196,            0.025888,           0.0049208,            0.009901,            0.009901,            0.009901
                   5,            0.046713,            0.045939,           0.0078638,             0.67984,             0.70082,             0.70717,             0.37637,            0.038617,            0.024289,           0.0034447,            0.009868,            0.009868,            0.009868
                   6,             0.04499,            0.043502,           0.0066654,              0.7222,             0.70363,             0.73125,             0.38174,            0.037917,            0.023545,           0.0030777,            0.009835,            0.009835,            0.009835
                   7,            0.042946,            0.042344,           0.0057318,             0.75138,             0.71086,             0.75608,             0.40228,            0.036945,            0.022924,           0.0026239,            0.009802,            0.009802,            0.009802
                   8,            0.041652,            0.040727,           0.0050568,              0.7809,             0.74828,             0.79467,             0.41607,            0.036545,            0.022349,           0.0023353,            0.009769,            0.009769,            0.009769
                   9,            0.040813,            0.040741,           0.0045773,             0.79856,             0.78834,             0.83029,              0.4734,            0.033379,            0.021213,           0.0020541,            0.009736,            0.009736,            0.009736
                  10,            0.041083,            0.041058,           0.0052604,              0.7962,             0.75922,             0.81739,              0.4607,            0.034266,            0.021664,            0.002096,            0.009703,            0.009703,            0.009703
                  11,            0.040768,            0.041085,           0.0049124,             0.78141,             0.82247,             0.84758,             0.48808,            0.032769,            0.021033,           0.0017519,             0.00967,             0.00967,             0.00967
                  12,            0.039498,            0.039321,           0.0044201,             0.80186,             0.79868,             0.84223,             0.48662,            0.032828,            0.020619,           0.0018691,            0.009637,            0.009637,            0.009637
                  13,             0.03922,            0.039341,           0.0043987,             0.83579,             0.81413,             0.86387,             0.50455,            0.031397,            0.019654,           0.0015775,            0.009604,            0.009604,            0.009604
                  14,             0.03844,            0.039157,           0.0041344,              0.8251,             0.83762,             0.87896,               0.533,            0.030778,            0.019307,           0.0016935,            0.009571,            0.009571,            0.009571
                  15,            0.037953,            0.038184,           0.0040302,             0.86521,             0.84437,             0.89588,             0.54149,            0.030581,            0.018972,           0.0013933,            0.009538,            0.009538,            0.009538
                  16,              0.0374,            0.037255,           0.0037599,              0.8602,             0.83971,             0.89342,             0.54845,            0.029695,             0.01891,           0.0013952,            0.009505,            0.009505,            0.009505
                  17,             0.03725,            0.037259,            0.003742,             0.85091,             0.85331,             0.89709,             0.55192,             0.02963,            0.018456,           0.0013606,            0.009472,            0.009472,            0.009472
                  18,              0.0369,            0.036506,           0.0036274,             0.83897,             0.86638,             0.90644,             0.56167,            0.029292,            0.018183,           0.0012737,            0.009439,            0.009439,            0.009439
                  19,            0.036575,            0.036217,           0.0036832,             0.88948,             0.85224,             0.90809,             0.57857,             0.02848,            0.017978,           0.0011434,            0.009406,            0.009406,            0.009406
                  20,            0.035466,            0.036221,           0.0032358,             0.86946,             0.86761,             0.91385,             0.57442,            0.027925,            0.017371,           0.0010957,            0.009373,            0.009373,            0.009373
                  21,            0.034481,            0.034404,           0.0029141,             0.88226,             0.88346,              0.9258,             0.59619,            0.028257,            0.017267,           0.0010747,             0.00934,             0.00934,             0.00934
                  22,            0.034084,            0.033822,           0.0027446,             0.87302,             0.88881,             0.92168,             0.60202,             0.02701,            0.016799,           0.0011182,            0.009307,            0.009307,            0.009307
                  23,            0.033292,              0.0332,           0.0026102,             0.89931,             0.88569,             0.93121,             0.61184,            0.027021,             0.01636,           0.0011162,            0.009274,            0.009274,            0.009274
                  24,            0.033044,            0.033282,           0.0024352,             0.89268,             0.88853,             0.93095,             0.62439,            0.025994,            0.016199,          0.00096382,            0.009241,            0.009241,            0.009241
                  25,            0.033045,            0.032952,           0.0025773,              0.9007,              0.9085,             0.94239,              0.6365,            0.025478,            0.015965,           0.0010392,            0.009208,            0.009208,            0.009208
                  26,            0.032762,            0.033161,           0.0025749,             0.91456,             0.89611,             0.94054,             0.62406,            0.025547,            0.015907,          0.00093029,            0.009175,            0.009175,            0.009175
                  27,            0.032301,            0.032197,           0.0023711,              0.8952,             0.91187,             0.94405,             0.65218,            0.024962,            0.015601,          0.00094709,            0.009142,            0.009142,            0.009142
                  28,            0.031897,            0.032099,           0.0024198,             0.89098,             0.90659,             0.93851,             0.64182,            0.024882,            0.015715,          0.00099415,            0.009109,            0.009109,            0.009109
                  29,            0.031612,            0.032126,            0.002368,             0.90249,             0.91021,             0.94441,             0.65882,            0.024454,            0.015254,           0.0010035,            0.009076,            0.009076,            0.009076
                  30,            0.031325,            0.031518,           0.0022345,             0.93143,             0.89837,             0.95291,             0.66471,            0.024068,            0.015184,          0.00091862,            0.009043,            0.009043,            0.009043
                  31,            0.031196,            0.031018,           0.0021695,             0.90191,             0.92308,             0.95259,             0.66597,            0.023934,            0.015055,          0.00090138,             0.00901,             0.00901,             0.00901
                  32,            0.031101,            0.030856,           0.0022075,              0.9064,             0.91927,             0.95342,             0.67109,             0.02394,            0.014839,          0.00088151,            0.008977,            0.008977,            0.008977
                  33,            0.030991,            0.030915,           0.0022547,             0.92455,             0.90931,               0.951,             0.67155,             0.02362,            0.014705,          0.00083384,            0.008944,            0.008944,            0.008944
                  34,             0.03069,            0.030299,           0.0021701,             0.91322,              0.9194,             0.95432,             0.68446,            0.023146,            0.014758,          0.00087608,            0.008911,            0.008911,            0.008911
                  35,            0.031472,             0.03208,           0.0026285,             0.92256,             0.90595,              0.9542,             0.67713,            0.023277,            0.014772,          0.00083798,            0.008878,            0.008878,            0.008878
                  36,            0.031341,            0.031568,           0.0026042,             0.90628,             0.90565,             0.94183,             0.67116,            0.023183,            0.014647,          0.00086794,            0.008845,            0.008845,            0.008845
                  37,            0.031172,            0.031466,           0.0027305,             0.91707,             0.91591,             0.95597,             0.68141,            0.023231,            0.014664,           0.0008813,            0.008812,            0.008812,            0.008812
                  38,            0.031006,            0.031565,           0.0024893,             0.92122,             0.92003,              0.9581,             0.68917,            0.023241,            0.014471,          0.00083446,            0.008779,            0.008779,            0.008779
                  39,            0.030651,             0.03136,           0.0024461,             0.92723,             0.90745,             0.95571,             0.68828,            0.022802,            0.014334,          0.00078887,            0.008746,            0.008746,            0.008746
                  40,            0.030718,            0.031026,           0.0024097,             0.92776,             0.91734,             0.95772,             0.69675,            0.022672,            0.014249,          0.00084133,            0.008713,            0.008713,            0.008713
                  41,             0.03045,            0.031346,            0.002292,             0.92457,             0.93378,              0.9638,             0.70423,            0.022142,            0.013906,          0.00080433,             0.00868,             0.00868,             0.00868
                  42,             0.03019,            0.030744,           0.0022393,             0.92849,             0.92605,             0.95945,             0.70674,            0.021859,            0.013808,          0.00080769,            0.008647,            0.008647,            0.008647
                  43,            0.029585,            0.030251,           0.0023529,             0.92056,             0.92346,             0.95952,              0.7144,            0.021535,            0.013672,          0.00079072,            0.008614,            0.008614,            0.008614
                  44,            0.029832,            0.030515,           0.0023497,             0.94133,              0.9223,             0.96211,             0.70843,            0.021611,            0.013643,           0.0008194,            0.008581,            0.008581,            0.008581
                  45,            0.029479,            0.030447,           0.0022771,             0.93235,             0.92923,             0.96375,             0.71777,            0.021254,            0.013569,          0.00079741,            0.008548,            0.008548,            0.008548
                  46,            0.029259,            0.030306,           0.0022378,             0.94114,             0.92071,             0.96368,               0.715,            0.021364,            0.013553,          0.00072963,            0.008515,            0.008515,            0.008515
                  47,             0.02914,            0.029875,           0.0021663,             0.94788,             0.92289,             0.96832,             0.72923,            0.020702,            0.013108,          0.00071485,            0.008482,            0.008482,            0.008482
                  48,            0.028839,            0.029733,           0.0021264,             0.93745,             0.91978,             0.96609,              0.7282,            0.020683,            0.013335,          0.00072117,            0.008449,            0.008449,            0.008449
                  49,            0.028794,            0.029626,           0.0019662,             0.93737,             0.92976,               0.967,             0.73571,            0.020251,            0.012965,          0.00070631,            0.008416,            0.008416,            0.008416
                  50,             0.02883,            0.029193,           0.0020481,             0.94991,             0.92798,             0.97028,             0.73197,            0.020337,            0.012854,          0.00073176,            0.008383,            0.008383,            0.008383
                  51,            0.028502,            0.028937,           0.0020172,              0.9304,             0.94529,             0.96763,             0.74168,             0.01993,            0.012834,           0.0006967,             0.00835,             0.00835,             0.00835
                  52,            0.028634,            0.028949,            0.002208,             0.93606,             0.93735,             0.97081,             0.74552,            0.019929,            0.012751,          0.00070728,            0.008317,            0.008317,            0.008317
                  53,             0.02845,            0.028692,           0.0019738,             0.93008,             0.94611,             0.97249,             0.74747,            0.019668,            0.012694,          0.00069503,            0.008284,            0.008284,            0.008284
                  54,            0.027999,            0.028448,           0.0019722,             0.93412,             0.94271,             0.97081,             0.74481,            0.019655,             0.01266,          0.00072018,            0.008251,            0.008251,            0.008251
                  55,            0.028231,            0.028972,            0.002119,              0.9538,             0.93214,             0.97282,             0.75254,             0.01944,            0.012449,          0.00069856,            0.008218,            0.008218,            0.008218
                  56,             0.02801,            0.028676,            0.002039,             0.94615,              0.9352,             0.97358,             0.75077,            0.019346,            0.012484,          0.00065669,            0.008185,            0.008185,            0.008185
                  57,             0.02791,            0.028551,           0.0018839,             0.94028,             0.93997,             0.97201,             0.75747,            0.019044,            0.012347,          0.00067728,            0.008152,            0.008152,            0.008152
                  58,            0.027718,            0.028522,           0.0020063,             0.93848,             0.94443,             0.97384,             0.75875,            0.019013,            0.012189,          0.00069735,            0.008119,            0.008119,            0.008119
                  59,            0.027618,            0.028005,           0.0019782,             0.94555,              0.9441,             0.97545,             0.76351,            0.018683,            0.012098,          0.00066009,            0.008086,            0.008086,            0.008086
                  60,            0.027477,            0.027748,           0.0019781,             0.95693,             0.93663,             0.97587,             0.76648,            0.018832,            0.012113,          0.00066221,            0.008053,            0.008053,            0.008053
                  61,            0.027272,            0.028127,           0.0018422,             0.93565,             0.95236,             0.97516,             0.76227,            0.018958,            0.012099,          0.00064292,             0.00802,             0.00802,             0.00802
                  62,            0.026854,            0.027103,           0.0017837,             0.95446,             0.94178,             0.97656,             0.76849,             0.01863,            0.012037,          0.00065746,            0.007987,            0.007987,            0.007987
                  63,            0.026795,            0.027309,           0.0018056,             0.94677,             0.94775,             0.97773,             0.76904,            0.018473,            0.011934,          0.00063528,            0.007954,            0.007954,            0.007954
                  64,            0.026676,             0.02733,            0.001886,             0.94242,             0.94791,             0.97658,             0.77652,            0.018157,            0.011829,          0.00062398,            0.007921,            0.007921,            0.007921
                  65,            0.026669,            0.027071,           0.0017599,             0.94378,             0.95306,             0.97775,             0.78133,            0.017959,            0.011741,          0.00061136,            0.007888,            0.007888,            0.007888
                  66,            0.026752,            0.027459,           0.0018991,             0.95839,             0.93498,             0.97745,             0.77998,            0.018083,            0.011733,          0.00060298,            0.007855,            0.007855,            0.007855
                  67,            0.026452,            0.027202,           0.0018665,             0.93991,              0.9541,             0.97827,             0.78273,            0.017794,            0.011567,          0.00063729,            0.007822,            0.007822,            0.007822
                  68,            0.026445,            0.026947,           0.0017429,             0.94518,             0.94986,             0.97652,             0.78365,            0.017531,             0.01149,          0.00062337,            0.007789,            0.007789,            0.007789
                  69,            0.026183,            0.026758,           0.0018381,             0.95426,             0.94968,             0.97792,             0.78596,            0.017626,            0.011535,          0.00061719,            0.007756,            0.007756,            0.007756
                  70,            0.026296,             0.02695,           0.0017451,             0.95838,             0.94702,             0.97897,             0.78719,            0.017612,            0.011453,          0.00058959,            0.007723,            0.007723,            0.007723
                  71,            0.026139,            0.027159,           0.0018074,             0.95866,             0.94284,             0.97833,             0.78869,            0.017404,            0.011485,          0.00061503,             0.00769,             0.00769,             0.00769
                  72,            0.025948,            0.026602,           0.0017427,             0.95661,             0.94899,             0.97977,              0.7942,            0.017248,            0.011307,          0.00062087,            0.007657,            0.007657,            0.007657
                  73,            0.026131,            0.026338,            0.001787,             0.95123,             0.95247,             0.98024,             0.79505,            0.016961,            0.011197,          0.00060756,            0.007624,            0.007624,            0.007624
                  74,            0.025946,            0.026378,           0.0016395,             0.95223,             0.95627,             0.98214,             0.79723,            0.016928,            0.011079,           0.0006078,            0.007591,            0.007591,            0.007591
                  75,            0.025771,            0.026055,           0.0015899,             0.95351,             0.95148,             0.98235,             0.80044,            0.016855,            0.011088,          0.00060061,            0.007558,            0.007558,            0.007558
                  76,            0.025522,            0.026277,           0.0016458,             0.95718,             0.95173,             0.98142,             0.80252,             0.01677,            0.011051,          0.00058844,            0.007525,            0.007525,            0.007525
                  77,            0.025328,            0.026226,           0.0015823,             0.94742,             0.95781,             0.98121,              0.8051,            0.016591,            0.010919,          0.00058592,            0.007492,            0.007492,            0.007492
                  78,            0.025156,            0.026273,           0.0016501,             0.95841,             0.95238,             0.98208,             0.80895,             0.01643,            0.010791,           0.0005594,            0.007459,            0.007459,            0.007459
                  79,            0.025241,            0.026112,           0.0016233,             0.96189,              0.9502,             0.98257,             0.80873,            0.016384,            0.010795,          0.00055782,            0.007426,            0.007426,            0.007426
                  80,            0.025364,            0.026219,           0.0015652,             0.96341,             0.94958,             0.98218,             0.80966,            0.016301,            0.010772,          0.00055717,            0.007393,            0.007393,            0.007393
                  81,            0.025102,            0.025741,           0.0015624,             0.96512,             0.94662,             0.98256,             0.81184,            0.016121,            0.010663,          0.00057043,             0.00736,             0.00736,             0.00736
                  82,            0.025066,            0.025939,           0.0016756,             0.95965,             0.95294,             0.98258,             0.80811,            0.016232,            0.010678,          0.00055059,            0.007327,            0.007327,            0.007327
                  83,            0.025098,            0.026079,           0.0016374,             0.94953,             0.96494,             0.98206,             0.81185,            0.016182,            0.010626,          0.00054979,            0.007294,            0.007294,            0.007294
                  84,            0.025307,             0.02555,           0.0015858,             0.95945,             0.95056,             0.98245,             0.81487,            0.016062,            0.010608,          0.00054389,            0.007261,            0.007261,            0.007261
                  85,            0.024963,            0.025658,           0.0015594,             0.96508,             0.94624,             0.98204,             0.81521,            0.015942,            0.010544,          0.00054245,            0.007228,            0.007228,            0.007228
                  86,            0.024738,            0.025578,           0.0015631,             0.96585,             0.94787,             0.98312,             0.81706,            0.015847,            0.010422,          0.00054366,            0.007195,            0.007195,            0.007195
                  87,            0.024777,            0.025469,           0.0016502,             0.96079,              0.9509,             0.98245,             0.82035,            0.015711,            0.010448,          0.00056842,            0.007162,            0.007162,            0.007162
                  88,            0.024534,            0.025577,            0.001509,             0.96495,             0.95044,             0.98313,             0.82101,            0.015547,            0.010367,          0.00054738,            0.007129,            0.007129,            0.007129
                  89,             0.02462,            0.025217,           0.0015192,             0.95922,             0.95935,             0.98391,             0.82316,            0.015611,            0.010324,          0.00054754,            0.007096,            0.007096,            0.007096
                  90,            0.024263,             0.02476,           0.0015961,             0.96315,             0.95659,             0.98371,              0.8257,            0.015374,            0.010229,          0.00052993,            0.007063,            0.007063,            0.007063
                  91,            0.024313,            0.025067,           0.0016208,               0.959,               0.962,             0.98372,             0.82494,            0.015343,            0.010147,           0.0005155,             0.00703,             0.00703,             0.00703
                  92,            0.024287,            0.024888,           0.0014992,             0.96714,              0.9555,             0.98431,             0.82816,            0.015311,            0.010142,          0.00051631,            0.006997,            0.006997,            0.006997
                  93,            0.024313,            0.024822,             0.00157,              0.9723,              0.9512,              0.9839,             0.82599,            0.015371,            0.010153,          0.00051677,            0.006964,            0.006964,            0.006964
                  94,            0.024204,            0.025103,           0.0015163,             0.96466,             0.95492,              0.9838,             0.82784,             0.01518,            0.010037,          0.00050873,            0.006931,            0.006931,            0.006931
                  95,            0.023964,             0.02517,           0.0014256,             0.96215,             0.95864,             0.98517,             0.83108,            0.015043,           0.0099739,           0.0005147,            0.006898,            0.006898,            0.006898
                  96,            0.024035,            0.024429,           0.0015627,              0.9536,             0.96587,             0.98478,             0.83409,            0.014887,           0.0099596,          0.00052578,            0.006865,            0.006865,            0.006865
                  97,            0.023831,            0.024195,           0.0015414,             0.96663,              0.9572,             0.98546,             0.83671,            0.014811,           0.0098804,          0.00052458,            0.006832,            0.006832,            0.006832
                  98,            0.024008,            0.024514,           0.0015326,             0.96056,             0.96615,             0.98617,             0.83513,             0.01472,           0.0098712,          0.00050521,            0.006799,            0.006799,            0.006799
                  99,            0.023706,            0.024756,           0.0014909,             0.97094,             0.95608,             0.98621,             0.83753,            0.014687,           0.0098626,          0.00049588,            0.006766,            0.006766,            0.006766
                 100,            0.023907,            0.024382,           0.0015065,             0.96321,             0.96567,             0.98629,             0.84091,            0.014541,           0.0097417,          0.00049724,            0.006733,            0.006733,            0.006733
                 101,            0.023641,            0.024268,           0.0014112,             0.96255,             0.96617,             0.98608,             0.84128,            0.014561,            0.009714,          0.00048432,              0.0067,              0.0067,              0.0067
                 102,            0.023665,            0.024303,           0.0013884,             0.96687,             0.95798,             0.98651,             0.84166,            0.014446,           0.0096477,          0.00049861,            0.006667,            0.006667,            0.006667
                 103,             0.02363,            0.024402,            0.001433,              0.9655,             0.96116,              0.9864,             0.84066,            0.014366,           0.0096386,          0.00049894,            0.006634,            0.006634,            0.006634
                 104,            0.023239,            0.023596,           0.0014313,              0.9695,              0.9539,             0.98613,             0.84119,            0.014359,           0.0096064,          0.00050387,            0.006601,            0.006601,            0.006601
                 105,            0.023251,            0.023953,           0.0014089,             0.96497,             0.95889,             0.98639,             0.84321,            0.014316,           0.0095654,          0.00049736,            0.006568,            0.006568,            0.006568
                 106,            0.023232,            0.024043,           0.0015065,             0.96898,              0.9584,             0.98665,             0.84439,            0.014218,           0.0094997,          0.00048965,            0.006535,            0.006535,            0.006535
                 107,            0.023279,            0.024047,           0.0014473,              0.9715,             0.95723,             0.98705,              0.8457,            0.014164,           0.0094639,          0.00047924,            0.006502,            0.006502,            0.006502
                 108,            0.022985,            0.024089,           0.0013886,             0.96856,              0.9642,             0.98729,             0.84684,            0.014103,           0.0094269,          0.00048047,            0.006469,            0.006469,            0.006469
                 109,            0.023345,            0.023897,           0.0014193,             0.96919,             0.96274,             0.98751,             0.84827,            0.013989,           0.0093805,          0.00048587,            0.006436,            0.006436,            0.006436
                 110,            0.023078,            0.023864,           0.0013398,             0.96783,             0.96408,             0.98761,             0.84959,            0.013848,           0.0093386,          0.00048614,            0.006403,            0.006403,            0.006403
                 111,            0.022953,            0.023852,           0.0013963,             0.96938,             0.96371,             0.98758,             0.85011,             0.01381,             0.00931,          0.00048284,             0.00637,             0.00637,             0.00637
                 112,             0.02259,            0.023385,           0.0012704,             0.96821,             0.96436,             0.98768,             0.85199,            0.013777,           0.0092699,          0.00048212,            0.006337,            0.006337,            0.006337
                 113,            0.022478,            0.023199,           0.0012602,             0.96935,             0.96343,             0.98766,             0.85229,            0.013747,            0.009248,          0.00047525,            0.006304,            0.006304,            0.006304
                 114,            0.022635,            0.023483,           0.0014193,             0.96507,             0.96976,             0.98783,             0.85486,            0.013654,           0.0091906,          0.00047089,            0.006271,            0.006271,            0.006271
                 115,            0.022739,            0.023493,           0.0013457,             0.96548,             0.97087,             0.98819,              0.8569,            0.013567,           0.0091283,          0.00047017,            0.006238,            0.006238,            0.006238
                 116,             0.02261,            0.023117,           0.0012806,             0.97671,             0.95999,             0.98807,             0.85746,            0.013551,           0.0091117,          0.00046827,            0.006205,            0.006205,            0.006205
                 117,            0.022566,            0.023174,            0.001329,             0.97142,             0.96507,             0.98833,             0.85756,            0.013505,           0.0090716,          0.00046304,            0.006172,            0.006172,            0.006172
                 118,            0.022221,            0.022469,           0.0012919,             0.96899,             0.96806,             0.98849,             0.85969,             0.01339,            0.009013,          0.00045994,            0.006139,            0.006139,            0.006139
                 119,            0.022586,            0.023113,           0.0013339,             0.96736,             0.97059,             0.98861,             0.86088,            0.013304,           0.0090077,          0.00045846,            0.006106,            0.006106,            0.006106
                 120,            0.022394,             0.02285,           0.0013081,              0.9697,             0.96826,             0.98768,             0.86146,            0.013217,           0.0089704,           0.0004609,            0.006073,            0.006073,            0.006073
                 121,            0.022118,            0.022962,           0.0013344,             0.97259,             0.96549,             0.98773,             0.86404,            0.013171,           0.0089302,          0.00046148,             0.00604,             0.00604,             0.00604
                 122,            0.022111,            0.023073,           0.0012941,             0.96896,             0.97042,             0.98845,             0.86503,            0.013139,           0.0088915,          0.00046585,            0.006007,            0.006007,            0.006007
                 123,            0.022175,            0.022785,           0.0012751,             0.97673,             0.96413,             0.98875,             0.86621,            0.013074,           0.0088533,          0.00046526,            0.005974,            0.005974,            0.005974
                 124,            0.022162,            0.022835,           0.0012577,             0.97499,             0.96655,             0.98883,             0.86769,            0.012985,            0.008829,          0.00045945,            0.005941,            0.005941,            0.005941
                 125,            0.022058,            0.022554,           0.0013371,             0.97452,              0.9674,             0.98897,             0.86794,             0.01293,            0.008779,          0.00045944,            0.005908,            0.005908,            0.005908
                 126,            0.021823,            0.022685,           0.0011872,             0.97667,             0.96753,             0.98892,             0.86936,            0.012876,           0.0087288,          0.00045692,            0.005875,            0.005875,            0.005875
                 127,            0.022131,            0.022649,           0.0012419,             0.97447,             0.96931,             0.98914,             0.86974,            0.012812,           0.0086909,          0.00045237,            0.005842,            0.005842,            0.005842
                 128,            0.021913,            0.022391,           0.0012528,             0.97706,             0.96741,             0.98923,             0.87069,             0.01275,           0.0086709,          0.00044901,            0.005809,            0.005809,            0.005809
                 129,             0.02193,            0.022548,           0.0013065,             0.97647,             0.96835,             0.98939,             0.87122,            0.012743,           0.0086359,          0.00045057,            0.005776,            0.005776,            0.005776
                 130,            0.022004,            0.023005,           0.0014073,             0.97785,             0.96697,              0.9894,             0.87268,            0.012681,           0.0086065,          0.00044695,            0.005743,            0.005743,            0.005743
                 131,            0.021684,            0.022713,             0.00127,             0.97787,             0.96832,             0.98955,             0.87375,            0.012634,           0.0085898,          0.00044463,             0.00571,             0.00571,             0.00571
                 132,            0.021507,            0.022161,           0.0012103,             0.97886,             0.96867,             0.98961,              0.8749,            0.012581,           0.0085623,          0.00043866,            0.005677,            0.005677,            0.005677
                 133,            0.021404,            0.022285,           0.0011403,             0.97614,             0.97047,             0.98962,             0.87662,            0.012546,           0.0085402,          0.00043569,            0.005644,            0.005644,            0.005644
                 134,            0.021545,            0.022522,           0.0013429,             0.97704,             0.97076,             0.98968,             0.87567,            0.012503,           0.0085173,          0.00043703,            0.005611,            0.005611,            0.005611
                 135,            0.021381,            0.021935,           0.0011697,             0.98079,             0.96676,             0.98975,             0.87629,            0.012467,           0.0085016,           0.0004329,            0.005578,            0.005578,            0.005578
                 136,            0.021289,            0.022137,           0.0011945,              0.9756,             0.97399,             0.98986,             0.87722,            0.012418,           0.0084706,          0.00043115,            0.005545,            0.005545,            0.005545
                 137,            0.021311,            0.022155,           0.0011665,             0.97837,             0.97121,             0.98986,             0.87671,            0.012343,           0.0084323,          0.00042935,            0.005512,            0.005512,            0.005512
                 138,            0.021454,            0.022303,           0.0011969,               0.982,             0.96741,             0.98994,             0.87842,            0.012292,           0.0083987,          0.00043043,            0.005479,            0.005479,            0.005479
                 139,            0.021094,            0.022176,           0.0011853,             0.97374,             0.97604,             0.98999,             0.87878,            0.012268,           0.0083704,          0.00042934,            0.005446,            0.005446,            0.005446
                 140,            0.021347,            0.021849,           0.0012133,             0.98142,             0.96875,             0.99002,             0.87978,            0.012219,           0.0083272,          0.00042642,            0.005413,            0.005413,            0.005413
                 141,            0.021043,            0.022055,             0.00117,             0.97632,             0.97321,             0.99014,             0.88034,            0.012178,           0.0082924,           0.0004268,             0.00538,             0.00538,             0.00538
                 142,            0.021031,            0.021473,            0.001137,             0.98206,              0.9679,             0.99024,             0.88124,            0.012132,           0.0082581,          0.00042656,            0.005347,            0.005347,            0.005347
                 143,            0.020867,            0.021813,           0.0012648,             0.98234,              0.9682,             0.99028,             0.88295,            0.012068,           0.0082188,          0.00042581,            0.005314,            0.005314,            0.005314
                 144,            0.020648,            0.021622,           0.0011738,             0.98022,             0.96921,             0.99035,             0.88413,            0.012012,            0.008178,          0.00042579,            0.005281,            0.005281,            0.005281
                 145,            0.020795,            0.021387,           0.0011528,             0.97571,             0.97382,             0.99045,             0.88472,            0.011959,           0.0081503,            0.000425,            0.005248,            0.005248,            0.005248
                 146,            0.020783,            0.021582,           0.0011592,             0.97573,             0.97435,             0.99049,              0.8856,            0.011908,           0.0081222,          0.00042244,            0.005215,            0.005215,            0.005215
                 147,            0.020924,            0.021382,           0.0012089,             0.97353,             0.97617,             0.99051,             0.88642,            0.011855,           0.0080972,          0.00042092,            0.005182,            0.005182,            0.005182
                 148,            0.020849,            0.021737,           0.0011871,             0.97524,             0.97578,             0.99052,             0.88767,            0.011813,           0.0080764,          0.00041955,            0.005149,            0.005149,            0.005149
                 149,            0.020944,            0.021395,           0.0011882,             0.97633,             0.97475,             0.99054,             0.88838,            0.011769,           0.0080516,          0.00041741,            0.005116,            0.005116,            0.005116
                 150,            0.020569,            0.021167,           0.0010766,             0.98212,             0.96971,             0.99067,             0.88927,            0.011714,           0.0080222,          0.00041562,            0.005083,            0.005083,            0.005083
                 151,            0.020569,            0.021415,           0.0011629,             0.98097,             0.97013,             0.99073,             0.89027,            0.011691,           0.0080033,          0.00041546,             0.00505,             0.00505,             0.00505
                 152,            0.020561,            0.021204,           0.0011685,             0.98352,             0.96794,             0.99081,             0.89059,            0.011657,           0.0079818,          0.00041406,            0.005017,            0.005017,            0.005017
                 153,             0.02041,            0.020965,           0.0011309,             0.98326,             0.96793,             0.99077,             0.89169,            0.011623,           0.0079532,          0.00041232,            0.004984,            0.004984,            0.004984
                 154,            0.020428,            0.021023,           0.0010722,             0.98514,             0.96689,              0.9909,             0.89241,             0.01158,           0.0079306,          0.00040974,            0.004951,            0.004951,            0.004951
                 155,            0.020527,            0.021216,           0.0010864,             0.98405,             0.96848,             0.99098,             0.89272,            0.011544,           0.0079075,          0.00040793,            0.004918,            0.004918,            0.004918
                 156,            0.020385,            0.021288,           0.0011546,             0.98081,             0.97171,             0.99102,             0.89385,            0.011511,           0.0078842,          0.00040697,            0.004885,            0.004885,            0.004885
                 157,             0.02033,            0.021061,           0.0010763,              0.9784,             0.97487,             0.99088,             0.89382,            0.011479,           0.0078601,           0.0004055,            0.004852,            0.004852,            0.004852
                 158,            0.020084,            0.020718,           0.0010387,             0.97753,             0.97626,             0.99094,             0.89424,            0.011452,           0.0078369,          0.00040388,            0.004819,            0.004819,            0.004819
                 159,            0.020005,            0.021096,            0.001055,             0.97809,             0.97581,             0.99098,             0.89512,            0.011417,             0.00781,          0.00040296,            0.004786,            0.004786,            0.004786
                 160,            0.020077,            0.020607,           0.0010582,             0.97774,             0.97638,               0.991,             0.89563,            0.011385,           0.0077854,           0.0004016,            0.004753,            0.004753,            0.004753
                 161,            0.019961,            0.020843,            0.001018,              0.9753,             0.97949,             0.99105,             0.89623,            0.011352,           0.0077646,          0.00039944,             0.00472,             0.00472,             0.00472
                 162,            0.019777,            0.020821,          0.00099026,              0.9754,             0.97982,              0.9911,             0.89712,            0.011319,           0.0077429,           0.0003977,            0.004687,            0.004687,            0.004687
                 163,            0.019778,            0.020919,           0.0010967,             0.97496,             0.98001,             0.99113,             0.89816,            0.011291,           0.0077235,          0.00039636,            0.004654,            0.004654,            0.004654
                 164,            0.019937,            0.020575,           0.0010588,             0.97629,             0.97957,             0.99114,             0.89859,            0.011263,           0.0077051,          0.00039467,            0.004621,            0.004621,            0.004621
                 165,            0.019622,            0.020698,          0.00098791,              0.9773,             0.98002,             0.99121,             0.89916,            0.011221,           0.0076892,          0.00039329,            0.004588,            0.004588,            0.004588
                 166,            0.019822,            0.020362,           0.0010488,             0.98032,             0.97635,             0.99122,             0.90014,            0.011199,           0.0076735,          0.00039283,            0.004555,            0.004555,            0.004555
                 167,            0.019432,            0.020426,           0.0010363,             0.97955,             0.97747,             0.99129,              0.9007,            0.011175,           0.0076521,          0.00039025,            0.004522,            0.004522,            0.004522
                 168,            0.019439,            0.020085,           0.0010052,             0.98116,             0.97656,             0.99139,             0.90137,            0.011151,           0.0076295,          0.00038849,            0.004489,            0.004489,            0.004489
                 169,             0.01952,            0.020088,           0.0010564,             0.98283,             0.97514,             0.99144,             0.90187,            0.011122,           0.0076066,          0.00038761,            0.004456,            0.004456,            0.004456
                 170,            0.019217,            0.020009,           0.0010266,             0.98153,             0.97674,              0.9915,              0.9021,            0.011093,           0.0075861,           0.0003869,            0.004423,            0.004423,            0.004423
                 171,            0.019263,            0.020343,           0.0009391,             0.98249,             0.97621,             0.99153,             0.90253,            0.011056,           0.0075626,          0.00038608,             0.00439,             0.00439,             0.00439
                 172,            0.019327,            0.019828,          0.00097095,             0.98256,             0.97575,             0.99155,             0.90318,             0.01102,           0.0075403,          0.00038554,            0.004357,            0.004357,            0.004357
                 173,            0.019121,            0.020083,          0.00097555,             0.98134,             0.97666,             0.99154,             0.90318,            0.010988,           0.0075194,          0.00038494,            0.004324,            0.004324,            0.004324
                 174,            0.019172,            0.019805,          0.00095488,             0.98244,             0.97635,             0.99158,             0.90328,            0.010953,              0.0075,          0.00038383,            0.004291,            0.004291,            0.004291
                 175,            0.018866,            0.019613,           0.0010044,             0.98305,             0.97578,             0.99158,             0.90417,             0.01092,           0.0074794,          0.00038335,            0.004258,            0.004258,            0.004258
                 176,            0.018943,            0.019886,          0.00095287,             0.98228,             0.97697,             0.99159,             0.90434,            0.010888,           0.0074599,          0.00038327,            0.004225,            0.004225,            0.004225
                 177,            0.018871,            0.019406,           0.0008985,             0.98324,             0.97615,             0.99161,             0.90479,            0.010859,           0.0074366,          0.00038284,            0.004192,            0.004192,            0.004192
                 178,            0.018956,            0.019353,          0.00090128,             0.98363,             0.97614,             0.99164,             0.90557,            0.010828,            0.007413,          0.00038215,            0.004159,            0.004159,            0.004159
                 179,            0.018806,            0.019282,          0.00094334,             0.98369,             0.97665,             0.99161,             0.90597,            0.010799,           0.0073909,          0.00038107,            0.004126,            0.004126,            0.004126
                 180,            0.018864,            0.019378,           0.0009804,             0.98353,             0.97675,             0.99186,             0.90641,            0.010772,           0.0073726,          0.00037981,            0.004093,            0.004093,            0.004093
                 181,            0.018573,            0.018915,           0.0009248,             0.98313,             0.97726,             0.99168,             0.90669,            0.010747,           0.0073552,          0.00037852,             0.00406,             0.00406,             0.00406
                 182,             0.01874,            0.019464,           0.0009175,             0.98301,             0.97736,              0.9917,              0.9073,            0.010718,           0.0073376,           0.0003768,            0.004027,            0.004027,            0.004027
                 183,            0.018659,            0.019182,          0.00090147,             0.98013,             0.98062,             0.99175,             0.90716,            0.010699,           0.0073226,          0.00037565,            0.003994,            0.003994,            0.003994
                 184,            0.018622,            0.019033,          0.00089413,              0.9834,              0.9775,              0.9919,             0.90774,            0.010674,           0.0073066,          0.00037482,            0.003961,            0.003961,            0.003961
                 185,            0.018573,             0.01912,          0.00087475,             0.97969,             0.98057,              0.9918,             0.90834,            0.010649,           0.0072896,          0.00037371,            0.003928,            0.003928,            0.003928
                 186,            0.018434,            0.019032,          0.00086863,             0.97994,             0.98059,             0.99184,             0.90875,            0.010624,           0.0072742,          0.00037258,            0.003895,            0.003895,            0.003895
                 187,            0.018453,            0.018946,          0.00088231,             0.98032,             0.98086,             0.99188,               0.909,              0.0106,           0.0072582,          0.00037157,            0.003862,            0.003862,            0.003862
                 188,            0.018477,            0.019185,           0.0008247,             0.98026,             0.98077,             0.99191,             0.90965,             0.01058,           0.0072442,          0.00037038,            0.003829,            0.003829,            0.003829
                 189,            0.018542,            0.019077,          0.00088285,             0.98976,             0.97156,             0.99192,             0.91022,             0.01056,           0.0072304,          0.00036959,            0.003796,            0.003796,            0.003796
                 190,            0.018073,            0.018818,          0.00089374,             0.98863,              0.9729,             0.99195,             0.91112,            0.010539,           0.0072138,          0.00036874,            0.003763,            0.003763,            0.003763
                 191,            0.018248,            0.018897,          0.00089964,             0.98846,              0.9734,             0.99197,             0.91106,            0.010516,           0.0071993,          0.00036783,             0.00373,             0.00373,             0.00373
                 192,            0.018033,            0.019031,          0.00099059,             0.98828,             0.97379,             0.99199,             0.91114,            0.010494,           0.0071835,          0.00036693,            0.003697,            0.003697,            0.003697
                 193,            0.018177,            0.019179,          0.00084739,             0.98859,             0.97355,             0.99202,             0.91208,            0.010474,           0.0071699,          0.00036588,            0.003664,            0.003664,            0.003664
                 194,            0.017945,            0.018748,          0.00083708,             0.98852,             0.97381,             0.99204,             0.91205,            0.010457,           0.0071555,          0.00036465,            0.003631,            0.003631,            0.003631
                 195,            0.017776,            0.018612,          0.00081924,             0.97972,             0.98208,             0.99206,             0.91234,            0.010436,           0.0071383,          0.00036353,            0.003598,            0.003598,            0.003598
                 196,            0.018056,            0.018862,          0.00084071,             0.97996,             0.98175,             0.99207,             0.91246,            0.010414,           0.0071245,          0.00036255,            0.003565,            0.003565,            0.003565
                 197,            0.017871,            0.018487,          0.00083325,             0.97998,             0.98201,             0.99209,             0.91319,            0.010395,           0.0071103,          0.00036164,            0.003532,            0.003532,            0.003532
                 198,            0.017813,            0.018506,           0.0008157,             0.97925,             0.98278,              0.9921,             0.91348,            0.010371,           0.0070965,          0.00036062,            0.003499,            0.003499,            0.003499
                 199,            0.017976,            0.018352,           0.0008876,             0.98767,             0.97462,             0.99211,             0.91368,             0.01035,           0.0070839,           0.0003597,            0.003466,            0.003466,            0.003466
                 200,            0.017752,            0.018238,          0.00080208,             0.97912,             0.98324,             0.99215,             0.91387,            0.010331,           0.0070701,          0.00035859,            0.003433,            0.003433,            0.003433
                 201,            0.017607,            0.018217,          0.00082739,             0.97914,             0.98353,             0.99216,             0.91412,             0.01031,           0.0070567,          0.00035772,              0.0034,              0.0034,              0.0034
                 202,            0.017788,             0.01839,          0.00081563,             0.98675,             0.97621,             0.99219,             0.91412,            0.010296,           0.0070453,          0.00035673,            0.003367,            0.003367,            0.003367
                 203,            0.017674,             0.01822,          0.00087336,             0.98607,             0.97715,             0.99226,             0.91438,            0.010279,           0.0070319,          0.00035575,            0.003334,            0.003334,            0.003334
                 204,             0.01752,            0.018429,          0.00080507,               0.986,             0.97744,             0.99227,             0.91451,            0.010259,           0.0070185,          0.00035468,            0.003301,            0.003301,            0.003301
                 205,             0.01749,            0.018326,          0.00088941,             0.98578,             0.97815,             0.99224,             0.91484,            0.010246,            0.007007,          0.00035383,            0.003268,            0.003268,            0.003268
                 206,            0.017381,            0.017985,          0.00079273,             0.98588,             0.97813,             0.99225,              0.9148,            0.010233,           0.0069959,          0.00035289,            0.003235,            0.003235,            0.003235
                 207,            0.017541,            0.017934,          0.00082022,             0.98385,             0.98052,             0.99228,             0.91495,            0.010216,           0.0069861,          0.00035192,            0.003202,            0.003202,            0.003202
                 208,            0.017353,            0.018095,          0.00076554,             0.98396,             0.98061,              0.9923,             0.91498,            0.010203,            0.006975,          0.00035087,            0.003169,            0.003169,            0.003169
                 209,            0.017159,            0.017519,          0.00075523,             0.98478,             0.98028,             0.99233,              0.9153,            0.010188,           0.0069654,          0.00034991,            0.003136,            0.003136,            0.003136
                 210,            0.017046,            0.017682,          0.00075417,             0.98488,             0.98038,             0.99235,             0.91571,            0.010173,           0.0069567,          0.00034891,            0.003103,            0.003103,            0.003103
                 211,            0.016827,            0.017389,          0.00077417,             0.98471,             0.98115,             0.99237,              0.9156,            0.010161,           0.0069472,          0.00034796,             0.00307,             0.00307,             0.00307
                 212,            0.016958,            0.017337,          0.00075806,             0.98489,             0.98126,             0.99239,             0.91632,            0.010149,           0.0069368,          0.00034698,            0.003037,            0.003037,            0.003037
                 213,            0.017076,            0.017523,          0.00079277,             0.98477,              0.9814,             0.99239,             0.91665,            0.010135,           0.0069262,          0.00034625,            0.003004,            0.003004,            0.003004
                 214,            0.016897,            0.017568,          0.00078315,             0.98609,             0.98032,              0.9924,             0.91698,            0.010123,           0.0069163,           0.0003454,            0.002971,            0.002971,            0.002971
                 215,            0.016914,             0.01743,          0.00071245,             0.98454,             0.98206,             0.99243,             0.91762,            0.010108,           0.0069052,          0.00034458,            0.002938,            0.002938,            0.002938
                 216,            0.016759,            0.017154,          0.00072685,             0.98506,              0.9816,             0.99244,              0.9177,            0.010097,           0.0068969,          0.00034365,            0.002905,            0.002905,            0.002905
                 217,            0.016738,             0.01735,          0.00069426,             0.98511,             0.98172,             0.99247,             0.91782,            0.010085,           0.0068861,          0.00034284,            0.002872,            0.002872,            0.002872
                 218,            0.016709,            0.017322,          0.00072169,             0.98515,             0.98185,             0.99248,             0.91806,            0.010073,           0.0068747,          0.00034204,            0.002839,            0.002839,            0.002839
                 219,            0.016603,            0.017226,          0.00072254,             0.98397,             0.98324,              0.9925,             0.91829,             0.01006,           0.0068646,          0.00034121,            0.002806,            0.002806,            0.002806
                 220,            0.016699,            0.017026,          0.00077267,             0.98597,             0.98132,             0.99252,              0.9187,            0.010044,           0.0068545,          0.00034041,            0.002773,            0.002773,            0.002773
                 221,            0.016583,            0.016918,           0.0006735,              0.9859,             0.98239,             0.99254,             0.91893,            0.010031,            0.006844,          0.00033949,             0.00274,             0.00274,             0.00274
                 222,            0.016564,            0.016824,           0.0006577,             0.98624,             0.98209,             0.99256,             0.91939,            0.010019,           0.0068339,           0.0003386,            0.002707,            0.002707,            0.002707
                 223,            0.016318,            0.017033,          0.00070071,             0.98657,             0.98198,             0.99257,             0.91939,            0.010008,           0.0068238,          0.00033778,            0.002674,            0.002674,            0.002674
                 224,            0.016288,            0.016902,          0.00064337,             0.98676,             0.98182,             0.99259,             0.91947,           0.0099949,           0.0068147,          0.00033689,            0.002641,            0.002641,            0.002641
                 225,            0.016189,            0.017039,          0.00072706,             0.98764,              0.9812,              0.9926,             0.91972,           0.0099844,           0.0068047,          0.00033604,            0.002608,            0.002608,            0.002608
                 226,            0.016178,            0.016847,          0.00066318,             0.98742,              0.9815,             0.99265,             0.91984,           0.0099731,           0.0067964,           0.0003352,            0.002575,            0.002575,            0.002575
                 227,            0.016188,            0.016828,          0.00070502,             0.98763,             0.98151,             0.99267,             0.91998,           0.0099598,           0.0067873,          0.00033439,            0.002542,            0.002542,            0.002542
                 228,            0.016037,            0.016507,          0.00064068,             0.98706,             0.98223,             0.99265,             0.92012,           0.0099484,           0.0067779,          0.00033352,            0.002509,            0.002509,            0.002509
                 229,            0.016021,            0.016655,          0.00072549,             0.98716,             0.98237,             0.99266,             0.92046,           0.0099411,           0.0067688,           0.0003327,            0.002476,            0.002476,            0.002476
                 230,             0.01607,            0.016803,          0.00065071,             0.98728,             0.98231,             0.99267,             0.92048,           0.0099307,           0.0067602,          0.00033193,            0.002443,            0.002443,            0.002443
                 231,            0.016248,            0.016347,          0.00063766,             0.98734,             0.98229,             0.99267,             0.92048,           0.0099212,           0.0067527,           0.0003311,             0.00241,             0.00241,             0.00241
                 232,            0.015914,            0.016375,          0.00067446,             0.98947,             0.98034,             0.99269,             0.92069,           0.0099116,           0.0067429,          0.00033021,            0.002377,            0.002377,            0.002377
                 233,             0.01585,            0.016456,          0.00065836,             0.98941,             0.98041,              0.9927,             0.92079,            0.009903,           0.0067345,          0.00032948,            0.002344,            0.002344,            0.002344
                 234,            0.015711,              0.0161,          0.00064227,             0.98956,             0.98047,             0.99275,             0.92146,           0.0098923,           0.0067252,          0.00032867,            0.002311,            0.002311,            0.002311
                 235,            0.015737,            0.016332,          0.00062654,             0.98947,             0.98061,             0.99273,             0.92159,           0.0098809,            0.006716,          0.00032792,            0.002278,            0.002278,            0.002278
                 236,            0.015762,            0.016183,          0.00058885,             0.98965,             0.98064,             0.99277,             0.92137,           0.0098721,           0.0067068,          0.00032715,            0.002245,            0.002245,            0.002245
                 237,            0.015418,            0.015844,            0.000661,             0.98988,             0.98059,             0.99278,             0.92142,           0.0098642,           0.0066976,          0.00032642,            0.002212,            0.002212,            0.002212
                 238,            0.015615,            0.016072,          0.00067205,             0.98989,              0.9808,             0.99282,             0.92165,           0.0098556,            0.006688,          0.00032556,            0.002179,            0.002179,            0.002179
                 239,            0.015563,            0.015947,          0.00059048,             0.99002,             0.98083,             0.99291,             0.92168,           0.0098465,           0.0066784,          0.00032466,            0.002146,            0.002146,            0.002146
                 240,            0.015583,              0.0159,          0.00064594,             0.98981,              0.9811,             0.99283,              0.9216,           0.0098377,            0.006671,          0.00032388,            0.002113,            0.002113,            0.002113
                 241,              0.0154,            0.016083,          0.00065944,             0.98981,             0.98122,             0.99291,             0.92172,           0.0098298,           0.0066628,          0.00032312,             0.00208,             0.00208,             0.00208
                 242,            0.015349,            0.016156,          0.00062197,             0.98889,             0.98187,             0.99292,             0.92191,           0.0098186,           0.0066533,          0.00032229,            0.002047,            0.002047,            0.002047
                 243,            0.015271,            0.015499,          0.00059552,             0.98844,             0.98233,             0.99293,             0.92213,           0.0098108,           0.0066451,          0.00032147,            0.002014,            0.002014,            0.002014
                 244,            0.015162,            0.015483,          0.00064633,             0.98846,             0.98246,             0.99293,             0.92201,           0.0098021,           0.0066354,          0.00032069,            0.001981,            0.001981,            0.001981
                 245,            0.015225,             0.01537,          0.00058196,             0.98871,             0.98232,             0.99294,             0.92234,           0.0097915,           0.0066265,          0.00031984,            0.001948,            0.001948,            0.001948
                 246,            0.015127,            0.015671,          0.00058149,             0.98856,             0.98255,             0.99295,             0.92286,           0.0097796,           0.0066164,          0.00031905,            0.001915,            0.001915,            0.001915
                 247,             0.01523,            0.015554,          0.00057911,             0.98934,             0.98237,             0.99297,             0.92306,           0.0097704,           0.0066082,          0.00031829,            0.001882,            0.001882,            0.001882
                 248,            0.014981,            0.015378,           0.0006048,             0.98956,             0.98234,             0.99297,             0.92324,           0.0097606,           0.0065991,          0.00031748,            0.001849,            0.001849,            0.001849
                 249,            0.015056,            0.015389,          0.00056178,             0.98963,             0.98244,             0.99298,             0.92387,           0.0097525,           0.0065899,          0.00031662,            0.001816,            0.001816,            0.001816
                 250,            0.014942,            0.015452,          0.00054333,             0.98988,             0.98242,               0.993,             0.92373,           0.0097441,           0.0065816,          0.00031582,            0.001783,            0.001783,            0.001783
                 251,            0.014576,             0.01485,          0.00052215,             0.98952,             0.98261,             0.99292,             0.92386,           0.0097365,           0.0065727,          0.00031499,             0.00175,             0.00175,             0.00175
                 252,            0.014685,            0.015026,           0.0005634,             0.98986,             0.98237,             0.99302,             0.92402,           0.0097311,           0.0065648,          0.00031415,            0.001717,            0.001717,            0.001717
                 253,            0.014522,            0.015065,          0.00060657,             0.98989,              0.9825,             0.99303,             0.92398,            0.009723,           0.0065564,          0.00031326,            0.001684,            0.001684,            0.001684
                 254,            0.014795,            0.015187,          0.00052994,             0.98987,             0.98267,             0.99304,             0.92412,           0.0097158,           0.0065479,          0.00031236,            0.001651,            0.001651,            0.001651
                 255,            0.014489,            0.015141,          0.00057197,             0.99059,             0.98237,             0.99305,             0.92442,            0.009709,           0.0065407,          0.00031158,            0.001618,            0.001618,            0.001618
                 256,            0.014685,             0.01493,          0.00055322,             0.99056,             0.98262,             0.99337,             0.92464,           0.0097021,           0.0065327,          0.00031079,            0.001585,            0.001585,            0.001585
                 257,            0.014541,            0.014912,          0.00053204,             0.99054,             0.98264,             0.99341,             0.92475,           0.0096935,           0.0065252,          0.00030998,            0.001552,            0.001552,            0.001552
                 258,            0.014463,            0.014858,          0.00055833,              0.9893,             0.98287,             0.99339,             0.92474,           0.0096834,           0.0065151,          0.00030914,            0.001519,            0.001519,            0.001519
                 259,            0.014117,            0.014837,          0.00049551,             0.98925,             0.98297,              0.9934,             0.92499,           0.0096762,           0.0065071,          0.00030829,            0.001486,            0.001486,            0.001486
                 260,            0.014184,            0.014496,          0.00048431,             0.98928,             0.98291,             0.99339,             0.92513,           0.0096661,           0.0064986,          0.00030743,            0.001453,            0.001453,            0.001453
                 261,            0.014191,            0.014581,          0.00053963,             0.98801,             0.98422,              0.9934,             0.92514,           0.0096577,           0.0064911,          0.00030657,             0.00142,             0.00142,             0.00142
                 262,            0.014132,            0.014572,          0.00051369,             0.98897,             0.98324,             0.99337,              0.9253,            0.009651,           0.0064832,          0.00030571,            0.001387,            0.001387,            0.001387
                 263,            0.014029,            0.014296,          0.00047216,             0.99269,             0.97984,             0.99341,             0.92527,           0.0096425,           0.0064741,          0.00030481,            0.001354,            0.001354,            0.001354
                 264,              0.0141,            0.014291,          0.00050788,              0.9925,             0.98006,             0.99336,             0.92575,           0.0096351,           0.0064651,          0.00030389,            0.001321,            0.001321,            0.001321
                 265,            0.013777,            0.013757,          0.00047163,             0.98897,              0.9836,             0.99336,             0.92578,           0.0096265,           0.0064568,          0.00030295,            0.001288,            0.001288,            0.001288
                 266,            0.014098,            0.014257,          0.00056032,             0.99249,             0.98034,             0.99337,             0.92581,           0.0096196,             0.00645,          0.00030207,            0.001255,            0.001255,            0.001255
                 267,            0.013865,             0.01415,          0.00054343,             0.98893,             0.98389,             0.99337,             0.92583,           0.0096111,           0.0064413,          0.00030118,            0.001222,            0.001222,            0.001222
                 268,            0.013643,            0.014107,          0.00050328,              0.9926,             0.98042,             0.99339,             0.92593,           0.0096039,           0.0064323,          0.00030029,            0.001189,            0.001189,            0.001189
                 269,            0.013846,            0.014281,          0.00049422,             0.99181,             0.98116,             0.99339,             0.92609,           0.0095972,           0.0064245,          0.00029947,            0.001156,            0.001156,            0.001156
                 270,            0.013744,            0.013903,           0.0004803,             0.99243,             0.98052,             0.99312,             0.92612,            0.009592,           0.0064172,          0.00029859,            0.001123,            0.001123,            0.001123
                 271,            0.013808,            0.014053,          0.00054369,             0.99163,             0.98138,             0.99313,             0.92625,           0.0095853,           0.0064096,          0.00029769,             0.00109,             0.00109,             0.00109
                 272,            0.013572,            0.013845,          0.00051583,             0.99193,             0.98119,             0.99313,             0.92639,           0.0095796,           0.0064022,          0.00029679,            0.001057,            0.001057,            0.001057
                 273,            0.013528,            0.013955,          0.00046562,             0.99208,             0.98101,             0.99312,             0.92629,           0.0095732,           0.0063938,          0.00029581,            0.001024,            0.001024,            0.001024
                 274,            0.013718,            0.013854,          0.00047416,               0.992,             0.98122,             0.99336,             0.92675,           0.0095652,           0.0063857,           0.0002948,            0.000991,            0.000991,            0.000991
                 275,            0.013418,            0.013529,          0.00044316,             0.99197,             0.98143,             0.99337,             0.92674,           0.0095591,            0.006379,          0.00029374,            0.000958,            0.000958,            0.000958
                 276,            0.013301,             0.01357,          0.00050538,             0.99209,             0.98136,             0.99314,             0.92683,           0.0095517,           0.0063705,           0.0002928,            0.000925,            0.000925,            0.000925
                 277,            0.013462,             0.01374,          0.00051918,             0.99225,             0.98124,             0.99337,             0.92684,           0.0095453,           0.0063645,          0.00029179,            0.000892,            0.000892,            0.000892
                 278,              0.0132,            0.013644,           0.0004653,             0.99225,             0.98129,             0.99346,             0.92672,           0.0095405,           0.0063579,          0.00029076,            0.000859,            0.000859,            0.000859
                 279,            0.013057,            0.013315,          0.00046224,             0.99198,             0.98164,             0.99345,             0.92706,           0.0095318,           0.0063475,          0.00028969,            0.000826,            0.000826,            0.000826
                 280,            0.013054,            0.013392,          0.00042758,             0.99206,             0.98165,             0.99347,             0.92708,           0.0095242,           0.0063407,          0.00028853,            0.000793,            0.000793,            0.000793
                 281,            0.013121,             0.01349,          0.00049714,             0.99275,             0.98112,             0.99348,              0.9273,           0.0095174,           0.0063327,          0.00028746,             0.00076,             0.00076,             0.00076
                 282,            0.013024,            0.013095,          0.00045109,             0.99281,             0.98122,             0.99368,             0.92748,           0.0095111,           0.0063249,          0.00028641,            0.000727,            0.000727,            0.000727
                 283,            0.012912,            0.013139,          0.00042311,             0.99285,             0.98133,             0.99369,             0.92755,           0.0095049,           0.0063188,           0.0002853,            0.000694,            0.000694,            0.000694
                 284,            0.012849,            0.013123,          0.00042124,             0.99268,              0.9816,             0.99369,             0.92757,           0.0094955,           0.0063091,          0.00028414,            0.000661,            0.000661,            0.000661
                 285,            0.012904,            0.013217,          0.00044162,             0.99267,             0.98181,             0.99373,              0.9275,           0.0094889,           0.0063009,          0.00028302,            0.000628,            0.000628,            0.000628
                 286,             0.01275,            0.013114,          0.00041869,             0.99344,             0.98099,             0.99373,             0.92807,           0.0094822,           0.0062939,          0.00028186,            0.000595,            0.000595,            0.000595
                 287,            0.012869,            0.012806,          0.00043699,             0.99339,             0.98122,             0.99374,             0.92806,           0.0094769,           0.0062864,          0.00028069,            0.000562,            0.000562,            0.000562
                 288,             0.01266,            0.013075,          0.00044534,             0.99336,              0.9813,             0.99374,             0.92811,           0.0094696,           0.0062796,          0.00027952,            0.000529,            0.000529,            0.000529
                 289,            0.012648,            0.012793,          0.00042948,             0.99343,             0.98119,              0.9937,             0.92809,           0.0094645,           0.0062714,          0.00027839,            0.000496,            0.000496,            0.000496
                 290,            0.012454,            0.012871,          0.00048243,             0.99244,             0.98213,             0.99374,              0.9284,           0.0094601,           0.0062651,          0.00027726,            0.000463,            0.000463,            0.000463
                 291,            0.012464,            0.012838,          0.00047032,             0.99251,             0.98209,             0.99371,             0.92838,           0.0094565,            0.006259,          0.00027616,             0.00043,             0.00043,             0.00043
                 292,            0.012272,            0.012355,          0.00036744,             0.99399,             0.98087,             0.99375,             0.92847,           0.0094536,           0.0062513,            0.000275,            0.000397,            0.000397,            0.000397
                 293,            0.012425,            0.012732,          0.00042552,             0.99393,             0.98106,             0.99375,             0.92852,             0.00945,           0.0062447,          0.00027381,            0.000364,            0.000364,            0.000364
                 294,            0.012508,            0.012516,          0.00042678,              0.9939,             0.98119,             0.99376,             0.92867,           0.0094462,           0.0062377,          0.00027261,            0.000331,            0.000331,            0.000331
                 295,            0.012431,            0.012674,          0.00042366,             0.99392,             0.98124,             0.99376,             0.92883,           0.0094393,           0.0062311,          0.00027137,            0.000298,            0.000298,            0.000298
                 296,            0.012627,            0.012439,           0.0004267,              0.9937,             0.98159,             0.99377,             0.92897,           0.0094366,           0.0062256,          0.00027016,            0.000265,            0.000265,            0.000265
                 297,            0.012199,            0.012283,          0.00037769,             0.99335,               0.982,             0.99377,             0.92917,           0.0094335,           0.0062191,          0.00026894,            0.000232,            0.000232,            0.000232
                 298,            0.012232,            0.012384,          0.00040567,             0.99385,             0.98155,             0.99373,             0.92925,           0.0094279,           0.0062135,          0.00026769,            0.000199,            0.000199,            0.000199
                 299,            0.012367,            0.012353,          0.00045379,             0.99392,             0.98153,             0.99374,             0.92948,           0.0094247,           0.0062069,          0.00026646,            0.000166,            0.000166,            0.000166
